"Country,Other",TotalCases,NewCases,TotalDeaths,NewDeaths,TotalRecovered,NewRecovered,ActiveCases,"Serious,Critical",Tot Cases/1M pop,Deaths/1M pop,TotalTests,Tests/1M pop,Population,Continent,1 Caseevery X ppl,1 Deathevery X ppl,1 Testevery X ppl,New Cases/1M pop,New Deaths/1M pop,Active Cases/1M pop
World,"685,013,548","+29,823","6,838,000",+148,"657,833,548","+72,755","20,342,000","39,643","87,881",877.3,,,,All,"
",,,,,
USA,"106,376,388","+2,144","1,157,020                                ",+17,"104,206,409","+17,184","1,012,959","1,779","317,726","3,456","1,175,297,234","3,510,390","334,805,269 ",North America,3,289,0,6,0.05,"3,026"
India,"44,762,496",,"530,979                                ",,"44,196,318",,"35,199",N/A,"31,822",377,"922,771,410","656,015","1,406,631,776 ",Asia,31,"2,649",2,,,25
France,"39,851,372","+1,342","165,857                                ",,"39,550,411","+11,519","135,104",869,"607,634","2,529","271,490,188","4,139,547","65,584,518 ",Europe,2,395,0,20,,"2,060"
Germany,"38,368,891",,"171,411                                ",,"38,125,900","+7,800","71,580",N/A,"457,406","2,043","122,332,384","1,458,359","83,883,596 ",Europe,2,489,1,,,853
Brazil,"37,319,254",,"700,556                                ",,"36,249,161",,"369,537",N/A,"173,293","3,253","63,776,166","296,146","215,353,593 ",South America,6,307,3,,,"1,716"
Japan,"33,527,217","+3,290","74,110                                ",+14,"21,725,273",,"11,727,834",58,"266,969",590,"98,725,273","786,124","125,584,838 ",Asia,4,"1,695",1,26,0.1,"93,386"
S. Korea,"30,918,060","+4,005","34,332                                ",+8,"30,705,133",,"178,595",127,"602,340",669,"15,804,065","307,892","51,329,899 ",Asia,2,"1,495",3,78,0.2,"3,479"
Italy,"25,715,384",,"189,262                                ",,"25,393,597",,"132,525",85,"426,721","3,141","270,400,793","4,487,029","60,262,770 ",Europe,2,318,0,,,"2,199"
UK,"24,448,729",,"209,396                                ",,"24,236,469","+4,795","2,864",N/A,"356,927","3,057","522,526,476","7,628,357","68,497,907 ",Europe,3,327,0,,,42
Russia,"22,721,610","+6,622","397,604                                ",+34,"22,095,237","+6,981","228,769",N/A,"155,835","2,727","273,400,000","1,875,095","145,805,947 ",Europe,6,367,1,45,0.2,"1,569"
Turkey,"17,232,066",,"102,174                                ",,N/A,N/A,N/A,,"201,399","1,194","162,743,369","1,902,052","85,561,976 ",Asia,5,837,1,,,"4,024"
Spain,"13,798,747",,"120,426                                ",,"13,645,949",,"32,372",231,"295,355","2,578","471,036,328","10,082,298","46,719,142 ",Europe,3,388,0,,,693
Vietnam,"11,527,859",+114,"43,186                                ",,"10,615,098",+19,"869,575",8,"116,498",436,"85,826,548","867,342","98,953,541 ",Asia,9,"2,291",1,1,,"8,788"
Australia,"11,352,930",,"19,933                                ",,"11,291,664",,"41,333",45,"435,499",765,"78,835,048","3,024,116","26,068,792 ",Australia/Oceania,2,"1,308",0,,,"1,586"
Taiwan,"10,239,998",,"19,005                                ",,"10,217,956","+5,619","3,037",,"428,656",796,"30,742,304","1,286,903","23,888,595 ",Asia,2,"1,257",1,,,127
Argentina,"10,044,957",,"130,472                                ",,"9,914,485",,0,363,"218,320","2,836","35,716,069","776,264","46,010,234 ",South America,5,353,1,,,
Netherlands,"8,610,372",,"22,992                                ",,"8,579,274",+567,"8,106",53,"500,270","1,336","25,984,435","1,509,718","17,211,447 ",Europe,2,749,1,,,471
Iran,"7,592,255",,"145,391                                ",,"7,342,490",,"104,374",407,"88,259","1,690","55,353,767","643,478","86,022,837 ",Asia,11,592,2,,,"1,213"
Mexico,"7,553,660",+237,"333,595                                ",+1,"6,799,050","+2,271","421,015",N/A,"57,415","2,536","19,825,266","150,691","131,562,772 ",North America,17,394,7,2,0.01,"3,200"
Indonesia,"6,751,662",+494,"161,057                                ",+5,"6,584,006",+576,"6,599",N/A,"24,188",577,"114,158,919","408,975","279,134,505 ",Asia,41,"1,733",2,2,0.02,24
Poland,"6,504,194",+116,"119,423                                ",,"5,335,940",,"1,048,831",696,"172,343","3,164","38,577,159","1,022,188","37,739,785 ",Europe,6,316,1,3,,"27,791"
Colombia,"6,363,058",,"142,690                                ",,"6,186,006",,"34,362",342,"123,524","2,770","36,951,507","717,327","51,512,762 ",South America,8,361,1,,,667
Austria,"6,046,931",+652,"22,183                                ",,"6,008,485","+1,343","16,263",55,"666,938","2,447","211,273,524","23,302,116","9,066,710 ",Europe,1,409,0,72,,"1,794"
Greece,"5,965,643",,"36,582                                ",,"5,915,310","+4,495","13,751",115,"578,255","3,546","102,228,365","9,909,078","10,316,637 ",Europe,2,282,0,,,"1,333"
Portugal,"5,576,583",,"26,450                                ",,"5,544,023",,"6,110",61,"549,928","2,608","46,052,812","4,541,442","10,140,570 ",Europe,2,383,0,,,603
Ukraine,"5,465,954",,"111,676                                ",,"5,315,684",,"38,594",,"126,550","2,586","32,603,805","754,855","43,192,122 ",Europe,8,387,1,,,894
Chile,"5,273,877",+527,"64,497                                ",,"5,206,417",,"2,963",70,"273,965","3,350","49,155,689","2,553,516","19,250,195 ",South America,4,298,0,27,,154
Malaysia,"5,052,337",,"36,982                                ",,"5,004,043",,"11,312",13,"152,266","1,115","68,335,643","2,059,477","33,181,072 ",Asia,7,897,0,,,341
Israel,"4,816,924",+307,"12,416                                ",,"4,798,473",,"6,035",21,"516,505","1,331","41,373,364","4,436,346","9,326,000 ",Asia,2,751,0,33,,647
Belgium,"4,782,863",,"34,115                                ",,"4,707,833","+2,583","40,915",43,"409,903","2,924","36,950,938","3,166,786","11,668,278 ",Europe,2,342,0,,,"3,507"
DPRK,"4,772,813",,74                                ,,"4,772,739",,0,,"183,636",3,,,"25,990,679 ",Asia,5,"351,225",,,,
Thailand,"4,728,967",+168,"33,940                                ",+2,"4,692,636",,"2,391",N/A,"67,481",484,"17,270,775","246,450","70,078,203 ",Asia,15,"2,065",4,2,0.03,34
Czechia,"4,636,212",+50,"42,701                                ",,"4,589,366",+389,"4,145",18,"431,806","3,977","57,134,517","5,321,381","10,736,784 ",Europe,2,251,0,5,,386
Canada,"4,634,277",,"52,121                                ",,"4,555,919","+1,238","26,237",99,"120,721","1,358","66,343,123","1,728,207","38,388,419 ",North America,8,737,1,,,683
Peru,"4,495,182",,"219,882                                ",,"4,272,249",+462,"3,051",36,"133,451","6,528","38,385,375","1,139,566","33,684,208 ",South America,7,153,1,,,91
Switzerland,"4,399,088",,"14,452                                ",,"4,378,012",,"6,624",39,"501,398","1,647","23,833,472","2,716,487","8,773,637 ",Europe,2,607,0,,,755
Philippines,"4,083,842",+179,"66,425                                ",+5,"4,008,022",+257,"9,395",162,"36,298",590,"34,876,958","309,993","112,508,994 ",Asia,28,"1,694",3,2,0.04,84
South Africa,"4,075,101",,"102,595                                ",,"3,912,506",,"60,000",192,"67,073","1,689","26,795,090","441,027","60,756,135 ",Africa,15,592,2,,,988
Romania,"3,380,891","+6,066","67,961                                ",+44,"3,291,922",,"21,008",132,"177,649","3,571","27,131,523","1,425,624","19,031,335 ",Europe,6,280,1,319,2,"1,104"
Denmark,"3,178,960",,"8,420                                ",,"3,169,399",+80,"1,141",19,"544,814","1,443","129,246,682","22,150,435","5,834,950 ",Europe,2,693,0,,,196
Hong Kong,"2,885,724",+95,"13,486                                ",+1,"2,870,215",+43,"2,023",28,"379,486","1,773","76,127,725","10,011,143","7,604,299 ",Asia,3,564,0,12,0.1,266
Sweden,"2,702,703",,"23,912                                ",,"2,675,576",+147,"3,215",8,"264,479","2,340","19,500,873","1,908,301","10,218,971 ",Europe,4,427,1,,,315
Serbia,"2,524,670",+745,"17,996                                ",,"2,494,165","+1,984","12,509",10,"291,768","2,080","12,683,490","1,465,788","8,653,016 ",Europe,3,481,1,86,,"1,446"
Iraq,"2,465,545",,"25,375                                ",,"2,439,497",,673,21,"58,474",602,"19,544,451","463,523","42,164,965 ",Asia,17,"1,662",2,,,16
Singapore,"2,298,689",,"1,727                                ",,"2,149,583",,"147,379",2,"386,754",291,"24,756,666","4,165,302","5,943,546 ",Asia,3,"3,442",0,,,"24,796"
New Zealand,"2,274,370",,"4,015                                ",,"2,259,509",,"10,846",,"464,327",820,"7,768,604","1,586,011","4,898,203 ",Australia/Oceania,2,"1,220",1,,,"2,214"
Hungary,"2,199,764",,"48,811                                ",,"2,146,693",,"4,260",3,"228,993","5,081","11,394,556","1,186,160","9,606,259 ",Europe,4,197,1,,,443
Bangladesh,"2,038,053",,"29,446                                ",,"1,998,448",,"10,159",N/A,"12,140",175,"15,254,399","90,862","167,885,689 ",Asia,82,"5,701",11,,,61
Slovakia,"1,865,818",+9,"21,123                                ",+2,"1,843,947",+12,748,17,"341,713","3,869","7,420,931","1,359,097","5,460,193 ",Europe,3,258,1,2,0.4,137
Georgia,"1,833,502",,"17,019                                ",,"1,776,548",,"39,935",,"461,986","4,288","16,920,079","4,263,340","3,968,738 ",Asia,2,233,0,,,"10,062"
Jordan,"1,746,997",,"14,122                                ",,"1,731,007",,"1,868",59,"169,597","1,371","17,201,885","1,669,945","10,300,869 ",Asia,6,729,1,,,181
Ireland,"1,708,435",,"8,782                                ",,"1,695,720",,"3,933",14,"340,312","1,749","13,079,341","2,605,343","5,020,199 ",Europe,3,572,0,,,783
Pakistan,"1,580,153",+28,"30,652                                ",,"1,538,689",,"10,812",10,"6,886",134,"30,570,862","133,213","229,488,994 ",Asia,145,"7,487",8,0.1,,47
Norway,"1,481,760",+36,"5,213                                ",,"1,475,320",+51,"1,227",20,"268,855",946,"11,002,430","1,996,315","5,511,370 ",Europe,4,"1,057",1,7,,223
Finland,"1,468,123",,"9,097                                ",,"1,455,544",+134,"3,482",21,"264,290","1,638","12,069,254","2,172,699","5,554,960 ",Europe,4,611,0,,,627
Kazakhstan,"1,410,430",+79,"13,848                                ",,"1,383,020",,"13,562",24,"73,441",721,"11,575,012","602,707","19,205,043 ",Asia,14,"1,387",2,4,,706
Slovenia,"1,342,068",+25,"7,100                                ",,"1,328,006",,"6,962",8,"645,835","3,417","2,847,701","1,370,382","2,078,034 ",Europe,2,293,1,12,,"3,350"
Lithuania,"1,316,056",+17,"9,644                                ",,"1,301,845",+585,"4,567",9,"494,440","3,623","10,422,080","3,915,561","2,661,708 ",Europe,2,276,0,6,,"1,716"
Bulgaria,"1,301,475",+248,"38,282                                ",+5,"1,260,290",+197,"2,903",36,"190,146","5,593","11,143,340","1,628,049","6,844,597 ",Europe,5,179,1,36,0.7,424
Morocco,"1,272,679",,"16,296                                ",,"1,256,151",,232,3,"33,693",431,"13,001,033","344,191","37,772,756 ",Africa,30,"2,318",3,,,6
Croatia,"1,270,891",,"18,069                                ",,"1,252,329",,493,4,"313,082","4,451","5,553,846","1,368,183","4,059,286 ",Europe,3,225,1,,,121
Guatemala,"1,245,794",+12,"20,188                                ",,"1,224,766",+18,840,5,"67,036","1,086","7,129,462","383,634","18,584,039 ",North America,15,921,3,0.6,,45
Lebanon,"1,235,453",+276,"10,881                                ",+7,"1,087,587",,"136,985",74,"184,814","1,628","4,795,578","717,380","6,684,849 ",Asia,5,614,1,41,1,"20,492"
Costa Rica,"1,226,248",,"9,326                                ",,"860,711",,"356,211",52,"236,620","1,800","4,659,757","899,158","5,182,354 ",North America,4,556,1,,,"68,735"
Bolivia,"1,196,261",+98,"22,375                                ",,"1,164,926",+240,"8,960",220,"99,749","1,866","2,705,422","225,590","11,992,656 ",South America,10,536,4,8,,747
Tunisia,"1,152,033",,"29,363                                ",,N/A,N/A,N/A,44,"95,631","2,437","5,006,704","415,609","12,046,656 ",Africa,10,410,2,,,"1,052"
Cuba,"1,112,915",+14,"8,530                                ",,"1,104,286",+6,99,2,"98,439",754,"14,324,663","1,267,036","11,305,652 ",North America,10,"1,325",1,1,,9
Ecuador,"1,059,529",,"36,017                                ",,"1,022,992",,520,759,"58,494","1,988","3,082,403","170,173","18,113,361 ",South America,17,503,6,,,29
UAE,"1,058,979",,"2,349                                ",,"1,040,046",,"16,584",,"105,039",233,"199,952,464","19,833,042","10,081,785 ",Asia,10,"4,292",0,,,"1,645"
Uruguay,"1,036,159",,"7,621                                ",,"1,027,930",,608,18,"296,383","2,180","6,114,822","1,749,083","3,496,016 ",South America,3,459,1,,,174
Panama,"1,034,730",,"8,612                                ",,"1,025,167",,951,16,"232,682","1,937","7,609,800","1,711,235","4,446,964 ",North America,4,516,1,,,214
Mongolia,"1,007,915",,"2,179                                ",,"1,005,728",,8,192,"298,369",645,"4,030,048","1,193,000","3,378,078 ",Asia,3,"1,550",1,,,2
Nepal,"1,001,877",+77,"12,020                                ",,"989,413",+29,444,,"33,147",398,"6,024,251","199,310","30,225,582 ",Asia,30,"2,515",5,3,,15
Belarus,"994,037",,"7,118                                ",,"985,592",,"1,327",,"105,381",755,"13,646,641","1,446,722","9,432,800 ",Europe,9,"1,325",1,,,141
Latvia,"977,060",,"6,291                                ",,"970,327",,442,13,"528,473","3,403","7,870,456","4,256,977","1,848,837 ",Europe,2,294,0,,,239
Saudi Arabia,"836,878",+436,"9,635                                ",,"822,191",+404,"5,052",76,"23,347",269,"45,345,872","1,265,058","35,844,909 ",Asia,43,"3,720",1,12,,141
Azerbaijan,"830,367",+7,"10,197                                ",,"819,670",+10,500,,"80,617",990,"7,569,059","734,845","10,300,205 ",Asia,12,"1,010",1,0.7,,49
Paraguay,"808,943",,"19,902                                ",,N/A,N/A,N/A,7,"110,725","2,724","2,657,506","363,751","7,305,843 ",South America,9,367,3,,,"12,418"
Bahrain,"718,152",+177,"1,559                                ",,"715,916",+145,677,2,"402,555",874,"10,807,272","6,057,946","1,783,983 ",Asia,2,"1,144",0,99,,379
Sri Lanka,"672,092",+3,"16,835                                ",+1,"655,244",+3,13,,"31,150",780,"6,486,117","300,619","21,575,842 ",Asia,32,"1,282",3,0.1,0.05,0.6
Kuwait,"665,386",,"2,570                                ",,"660,237",,"2,579",,"151,903",587,"8,455,743","1,930,391","4,380,326 ",Asia,7,"1,704",1,,,589
Dominican Republic,"660,937",,"4,384                                ",,"644,785",,"11,768",4,"59,779",397,"3,740,928","338,350","11,056,370 ",North America,17,"2,522",3,,,"1,064"
Cyprus,"656,904",,"1,350                                ",,"652,317",,"3,237",60,"536,955","1,103","9,640,118","7,879,860","1,223,387 ",Asia,2,906,0,,,"2,646"
Myanmar,"634,101",+3,"19,490                                ",,"614,596",,15,,"11,482",353,"10,209,321","184,861","55,227,143 ",Asia,87,"2,834",5,0.05,,0.3
Palestine,"621,008",,"5,404                                ",,"615,445",,159,17,"116,173","1,011","3,078,533","575,907","5,345,541 ",Asia,9,989,2,,,30
Moldova,"618,827",,"12,086                                ",,"504,142",,"102,599",49,"154,199","3,012","3,216,305","801,437","4,013,171 ",Europe,6,332,1,,,"25,566"
Estonia,"616,829",,"2,971                                ",,"524,990",,"88,868",3,"466,620","2,248","3,693,746","2,794,249","1,321,910 ",Europe,2,445,0,,,"67,227"
Venezuela,"552,480",,"5,856                                ",,"546,341",,283,31,"18,877",200,"3,359,014","114,771","29,266,991 ",South America,53,"4,998",9,,,10
Egypt,"515,882",,"24,613                                ",,"442,182",,"49,087",122,"4,860",232,"3,693,367","34,792","106,156,692 ",Africa,206,"4,313",29,,,462
Libya,"507,229",,"6,437                                ",,"500,769",,23,,"72,042",914,"2,483,848","352,782","7,040,745 ",Africa,14,"1,094",3,,,3
Qatar,"502,992",+556,689                                ,,"500,792",+322,"1,511",44,"168,794",231,"4,065,369","1,364,257","2,979,915 ",Asia,6,"4,325",1,187,,507
Ethiopia,"500,731",+17,"7,573                                ",,"487,720",,"5,438",1,"4,145",63,"5,528,099","45,758","120,812,698 ",Africa,241,"15,953",22,0.1,,45
Réunion,"486,588",,921                                ,,"418,572",,"67,095",10,"535,854","1,014","1,603,660","1,766,027","908,061 ",Africa,2,986,1,,,"73,888"
Honduras,"472,485",+18,"11,111                                ",,N/A,N/A,N/A,105,"46,226","1,087","1,650,345","161,462","10,221,247 ",North America,22,920,6,2,,"32,171"
Armenia,"448,458",,"8,743                                ",,"435,162",,"4,553",,"150,896","2,942","3,242,901","1,091,164","2,971,966 ",Asia,7,340,1,,,"1,532"
Bosnia and Herzegovina,"402,573",,"16,325                                ",,"379,084",,"7,164",,"123,895","5,024","1,884,721","580,036","3,249,317 ",Europe,8,199,2,,,"2,205"
Oman,"399,449",,"4,628                                ",,"384,669",,"10,152",2,"75,028",869,"25,000,000","4,695,724","5,323,993 ",Asia,13,"1,150",0,,,"1,907"
North Macedonia,"347,672",,"9,667                                ",,"337,068",,937,,"167,045","4,645","2,226,216","1,069,626","2,081,304 ",Europe,6,215,1,,,450
Zambia,"343,753",,"4,058                                ",,"339,530",,165,,"17,655",208,"4,000,548","205,470","19,470,234 ",Africa,57,"4,798",5,,,8
Kenya,"342,988",+5,"5,688                                ",,"337,274",+31,26,1,"6,101",101,"3,967,062","70,569","56,215,221 ",Africa,164,"9,883",14,0.09,,0.5
Albania,"334,701",,"3,602                                ",,"329,407",,"1,692",,"116,768","1,257","1,941,032","677,173","2,866,374 ",Europe,9,796,1,,,590
Botswana,"329,837",+7,"2,801                                ",,"327,027",+58,9,1,"135,115","1,147","2,026,898","830,300","2,441,162 ",Africa,7,872,1,3,,4
Luxembourg,"297,757",,"1,133                                ",,"288,991",,"7,633",,"463,528","1,764","4,412,567","6,869,188","642,371 ",Europe,2,567,0,,,"11,883"
Montenegro,"290,512",+51,"2,816                                ",,"286,986",+76,710,6,"462,636","4,484","2,738,556","4,361,105","627,950 ",Europe,2,223,0,81,,"1,131"
Brunei ,"283,345",,225                                ,,"243,601",,"39,519",3,"636,114",505,"717,784","1,611,437","445,431 ",Asia,2,"1,980",1,,,"88,721"
Algeria,"271,613",,"6,881                                ",,"182,898",+4,"81,834",,"5,989",152,"230,861","5,091","45,350,148 ",Africa,167,"6,591",196,,,"1,804"
Nigeria,"266,665",,"3,155                                ",,"259,938",,"3,572",11,"1,230",15,"5,708,974","26,339","216,746,934 ",Africa,813,"68,700",38,,,16
Zimbabwe,"264,555",,"5,681                                ",,"258,484",,390,12,"17,256",371,"2,525,756","164,744","15,331,428 ",Africa,58,"2,699",6,,,25
Uzbekistan,"252,071",,"1,637                                ",,"241,486",,"8,948",23,"7,331",48,"1,377,915","40,077","34,382,084 ",Asia,136,"21,003",25,,,260
Mozambique,"233,334",,"2,242                                ",,"228,805",,"2,287",11,"7,052",68,"1,371,127","41,437","33,089,461 ",Africa,142,"14,759",24,,,69
Martinique,"229,807",,"1,098                                ",,N/A,N/A,N/A,12,"614,314","2,935","828,928","2,215,870","374,087 ",North America,2,341,0,,,"611,101"
Laos,"218,037",,758                                ,,N/A,N/A,N/A,,"29,145",101,"1,233,207","164,845","7,481,023 ",Asia,34,"9,869",6,,,"28,020"
Afghanistan,"211,759",+136,"7,896                                ",,"192,510",+42,"11,353",45,"5,196",194,"1,221,600","29,975","40,754,388 ",Asia,192,"5,161",33,3,,279
Iceland,"209,191",,229                                ,,N/A,N/A,N/A,2,"605,661",663,"1,996,384","5,780,036","345,393 ",Europe,2,"1,508",0,,,"385,871"
Kyrgyzstan,"206,832",,"2,991                                ",,"196,406",,"7,435",131,"30,741",445,"1,907,195","283,460","6,728,271 ",Asia,33,"2,250",4,,,"1,105"
Guadeloupe,"202,163",,"1,012                                ",,N/A,N/A,N/A,19,"505,668","2,531","938,039","2,346,306","399,794 ",North America,2,395,0,,,"497,509"
El Salvador,"201,785",,"4,230                                ",,"179,410",,"18,145",8,"30,805",646,"2,610,114","398,467","6,550,389 ",North America,32,"1,549",3,,,"2,770"
Trinidad and Tobago,"191,157",,"4,379                                ",,"186,724",,54,8,"135,901","3,113","908,533","645,914","1,406,585 ",North America,7,321,2,,,38
Maldives,"185,894",+84,311                                ,,"163,687",,"21,896",25,"343,621",575,"2,213,831","4,092,223","540,985 ",Asia,3,"1,740",0,155,,"40,474"
Ghana,"171,527",,"1,462                                ",,"170,012",,53,2,"5,295",45,"2,534,561","78,238","32,395,450 ",Africa,189,"22,158",13,,,2
Namibia,"171,222",,"4,090                                ",,"167,099",,33,,"65,008","1,553","1,062,663","403,460","2,633,874 ",Africa,15,644,2,,,13
Uganda,"170,605",,"3,632                                ",,"100,431",,"66,542",3,"3,523",75,"3,012,408","62,198","48,432,863 ",Africa,284,"13,335",16,,,"1,374"
Jamaica,"154,644",,"3,529                                ",,"102,678",,"48,437",,"51,805","1,182","1,183,986","396,633","2,985,094 ",North America,19,846,3,,,"16,226"
Cambodia,"138,726",,"3,056                                ",,"135,668",,2,,"8,080",178,"3,091,420","180,062","17,168,639 ",Asia,124,"5,618",6,,,0.1
Rwanda,"133,194",,"1,468                                ",,"131,647",,79,,"9,793",108,"6,021,981","442,778","13,600,464 ",Africa,102,"9,265",2,,,6
Cameroon,"124,834",,"1,970                                ",,"122,640",,224,13,"4,472",71,"1,751,774","62,762","27,911,548 ",Africa,224,"14,168",16,,,8
Malta,"118,133",,832                                ,,"116,641",,660,4,"266,046","1,874","2,127,851","4,792,101","444,033 ",Europe,4,534,0,,,"1,486"
Barbados,"107,332",,582                                ,,"106,739",,11,,"372,651","2,021","799,983","2,777,497","288,023 ",North America,3,495,0,,,38
Angola,"105,331",,"1,934                                ",,"103,342",,55,,"3,007",55,"1,499,795","42,818","35,027,343 ",Africa,333,"18,111",23,,,2
Channel Islands,"101,717",,228                                ,,"101,321",,168,,"576,421","1,292","1,252,808","7,099,551","176,463 ",Europe,2,774,0,,,952
French Guiana,"98,041",,420                                ,,"11,254",,"86,367",6,"312,065","1,337","651,257","2,072,951","314,169 ",South America,3,748,0,,,"274,906"
DRC,"95,945",,"1,464                                ",,"84,489",,"9,992",,"1,007",15,"846,704","8,890","95,240,792 ",Africa,993,"65,055",112,,,105
Senegal,"88,978",,"1,971                                ",,"86,998",,9,,"5,040",112,"1,146,543","64,946","17,653,671 ",Africa,198,"8,957",15,,,0.5
Malawi,"88,717",+4,"2,686                                ",,"85,641",+21,390,67,"4,396",133,"624,784","30,959","20,180,839 ",Africa,227,"7,513",32,0.2,,19
Ivory Coast,"88,308",,834                                ,,"87,468",,6,,"3,183",30,"1,686,583","60,795","27,742,298 ",Africa,314,"33,264",16,,,0.2
Suriname,"82,495",,"1,404                                ",,N/A,N/A,N/A,,"138,222","2,352","241,666","404,915","596,831 ",South America,7,425,2,,,"52,502"
New Caledonia,"79,916",,314                                ,,"79,596",,6,9,"274,706","1,079","98,964","340,182","290,915 ",Australia/Oceania,4,926,3,,,21
French Polynesia,"78,219",,649                                ,,N/A,N/A,N/A,7,"275,260","2,284",,,"284,164 ",Australia/Oceania,4,438,,,,"155,086"
Eswatini,"74,323",,"1,425                                ",,"72,824",,74,,"62,730","1,203","1,048,704","885,119","1,184,817 ",Africa,16,831,1,,,62
Guyana,"73,120",,"1,298                                ",,"71,818",,4,,"92,085","1,635","726,398","914,807","794,045 ",South America,11,612,1,,,5
Belize,"70,782",,688                                ,,"70,085",,9,6,"171,722","1,669","576,016","1,397,453","412,190 ",North America,6,599,1,,,22
Fiji,"68,917",,883                                ,,"67,022",,"1,012",,"75,777",971,"670,225","736,943","909,466 ",Australia/Oceania,13,"1,030",1,,,"1,113"
Madagascar,"68,105",,"1,424                                ",,"66,566",,115,,"2,334",49,"528,968","18,129","29,178,077 ",Africa,428,"20,490",55,,,4
Sudan,"63,922",,"5,034                                ",,"58,621",+18,267,,"1,390",109,"562,941","12,240","45,992,020 ",Africa,720,"9,136",82,,,6
Mauritania,"63,668",,997                                ,,"62,441",,230,,"12,988",203,"1,009,957","206,030","4,901,981 ",Africa,77,"4,917",5,,,47
Cabo Verde,"63,281",+21,413                                ,,"62,786",,82,23,"111,473",728,"401,622","707,482","567,678 ",Africa,9,"1,375",1,37,,144
Bhutan,"62,649",,21                                ,,"61,564",,"1,064",,"79,510",27,"2,303,734","2,923,739","787,941 ",Asia,13,"37,521",0,,,"1,350"
Syria,"57,508",,"3,164                                ",,"54,344",,0,,"2,970",163,"146,269","7,553","19,364,809 ",Asia,337,"6,120",132,,,
Burundi,"53,706",,38                                ,,"53,569",,99,,"4,254",3,"345,742","27,386","12,624,840 ",Africa,235,"332,233",37,,,8
Seychelles,"50,937",,172                                ,,"50,750",,15,,"512,311","1,730",,,"99,426 ",Africa,2,578,,,,151
Gabon,"48,981",,306                                ,,"48,674",,1,,"21,008",131,"1,621,909","695,641","2,331,533 ",Africa,48,"7,619",1,,,0.4
Andorra,"47,930",,165                                ,,"47,563",,202,14,"618,747","2,130","249,838","3,225,256","77,463 ",Europe,2,469,0,,,"2,608"
Papua New Guinea,"46,835",,670                                ,,"43,982",,"2,183",7,"5,040",72,"249,149","26,813","9,292,169 ",Australia/Oceania,198,"13,869",37,,,235
Curaçao,"45,986",,295                                ,,"44,720",,971,3,"277,812","1,782","496,693","3,000,640","165,529 ",North America,4,561,0,,,"5,866"
Aruba,"44,114",,236                                ,,"42,438",,"1,440",2,"409,947","2,193","177,885","1,653,068","107,609 ",North America,2,456,1,,,"13,382"
Tanzania,"42,959",,846                                ,,N/A,N/A,N/A,7,679,13,,,"63,298,550 ",Africa,"1,473","74,821",,,,662
Mayotte,"42,008",,188                                ,,N/A,N/A,N/A,,"146,748",657,"176,919","618,038","286,259 ",Africa,7,"1,523",2,,,"135,737"
Mauritius,"41,898",,"1,043                                ",,"40,159",,696,,"32,868",818,"358,675","281,374","1,274,727 ",Africa,30,"1,222",4,,,546
Togo,"39,465",,290                                ,,"39,155",,20,,"4,546",33,"810,046","93,314","8,680,837 ",Africa,220,"29,934",11,,,2
Guinea,"38,280",,467                                ,,"37,757",,56,8,"2,761",34,"660,107","47,607","13,865,691 ",Africa,362,"29,691",21,,,4
Isle of Man,"38,008",,116                                ,,N/A,N/A,N/A,,"443,335","1,353","150,753","1,758,422","85,732 ",Europe,2,739,1,,,"129,450"
Bahamas,"37,491",,833                                ,,"36,366",,292,1,"93,607","2,080","257,839","643,767","400,516 ",North America,11,481,2,,,729
Lesotho,"34,790",,723                                ,,"25,980",,"8,087",,"15,990",332,"431,221","198,199","2,175,699 ",Africa,63,"3,009",5,,,"3,717"
Faeroe Islands,"34,658",,28                                ,,N/A,N/A,N/A,5,"703,959",569,"778,000","15,802,409","49,233 ",Europe,1,"1,758",0,,,"547,133"
Haiti,"34,218",,860                                ,,"33,216",,142,,"2,930",74,"132,422","11,337","11,680,283 ",North America,341,"13,582",88,,,12
Mali,"33,133",,743                                ,,"32,299",,91,,"1,543",35,"802,135","37,354","21,473,764 ",Africa,648,"28,901",27,,,4
Cayman Islands,"31,472",,37                                ,,"8,553",,"22,882",1,"467,797",550,"222,773","3,311,280","67,277 ",North America,2,"1,818",0,,,"340,116"
Saint Lucia,"30,028",,409                                ,,"29,095",,524,,"162,214","2,209","210,983","1,139,752","185,113 ",North America,6,453,1,,,"2,831"
Benin,"27,999",,163                                ,,"27,830",,6,,"2,190",13,"604,310","47,268","12,784,726 ",Africa,457,"78,434",21,,,0.5
Somalia,"27,334",,"1,361                                ",,"13,182",,"12,791",,"1,623",81,"400,466","23,778","16,841,795 ",Africa,616,"12,375",42,,,759
Micronesia,"25,929",+226,65                                ,+2,N/A,N/A,N/A,1,"220,693",553,"80,318","683,621","117,489 ",Australia/Oceania,5,"1,808",1,"1,924",17,"157,010"
Congo,"25,375",,386                                ,,"24,006",,983,,"4,377",67,"347,815","59,991","5,797,805 ",Africa,228,"15,020",17,,,170
Solomon Islands,"24,575",,153                                ,,N/A,N/A,N/A,1,"34,077",212,,,"721,159 ",Australia/Oceania,29,"4,713",,,,"11,183"
San Marino,"23,849",,123                                ,,"23,689",,37,4,"699,692","3,609","196,855","5,775,414","34,085 ",Europe,1,277,0,,,"1,086"
Timor-Leste,"23,423",,138                                ,,"23,102",,183,,"17,104",101,"278,529","203,391","1,369,429 ",Asia,58,"9,923",5,,,134
Burkina Faso,"22,056",,396                                ,,"21,596",,64,,998,18,"248,995","11,265","22,102,838 ",Africa,"1,002","55,815",89,,,3
Liechtenstein,"21,437",,91                                ,,"21,345",,1,,"558,444","2,371","112,457","2,929,559","38,387 ",Europe,2,422,0,,,26
Gibraltar,"20,550",,113                                ,,"16,579",,"3,858",,"609,720","3,353","534,283","15,852,213","33,704 ",Europe,2,298,0,,,"114,467"
Grenada,"19,683",,238                                ,,"19,358",,87,4,"173,457","2,097","182,981","1,612,523","113,475 ",North America,6,477,1,,,767
Bermuda,"18,860",,165                                ,,"18,685",,10,,"304,493","2,664","1,029,558","16,622,128","61,939 ",North America,3,375,0,,,161
Nicaragua,"18,491",,225                                ,,"4,225",,"14,041",,"2,728",33,,,"6,779,100 ",North America,367,"30,129",,,,"2,071"
South Sudan,"18,368",,138                                ,,"18,115",,115,1,"1,581",12,"410,280","35,313","11,618,511 ",Africa,633,"84,192",28,,,10
Tajikistan,"17,786",,125                                ,,"17,264",,397,,"1,786",13,,,"9,957,464 ",Asia,560,"79,660",,,,40
Equatorial Guinea,"17,229",,183                                ,,"16,907",,139,5,"11,512",122,"365,697","244,342","1,496,662 ",Africa,87,"8,178",4,,,93
Tonga,"16,814",,13                                ,,"15,638",,"1,163",,"156,048",121,"535,009","4,965,327","107,749 ",Australia/Oceania,6,"8,288",0,,,"10,794"
Samoa,"16,737",,31                                ,,"1,605",,"15,101",,"82,759",153,"187,397","926,612","202,239 ",Australia/Oceania,12,"6,524",1,,,"74,669"
Monaco,"16,178",,67                                ,,"15,992",,119,4,"406,656","1,684","78,646","1,976,875","39,783 ",Europe,2,594,1,,,"2,991"
Marshall Islands,"16,081",,17                                ,,"15,954",,110,,"267,762",283,,,"60,057 ",Australia/Oceania,4,"3,533",,,,"1,832"
Dominica,"15,760",,74                                ,,"15,673",,13,,"217,848","1,023","229,344","3,170,187","72,344 ",North America,5,978,0,,,180
Djibouti,"15,690",,189                                ,,"15,427",,74,,"15,441",186,"305,941","301,094","1,016,097 ",Africa,65,"5,376",3,,,73
CAR,"15,368",,113                                ,,"15,200",,55,2,"3,063",23,"81,294","16,205","5,016,678 ",Africa,326,"44,395",62,,,11
Gambia,"12,598",,372                                ,,"12,189",,37,,"4,924",145,"155,686","60,851","2,558,482 ",Africa,203,"6,878",16,,,14
Saint Martin,"12,280",,63                                ,,"1,399",,"10,818",7,"309,086","1,586","112,382","2,828,643","39,730 ",North America,3,631,0,,,"272,288"
Vanuatu,"12,014",,14                                ,,"11,976",,24,,"37,330",44,"24,976","77,606","321,832 ",Australia/Oceania,27,"22,988",13,,,75
Greenland,"11,971",,21                                ,,"2,761",,"9,189",4,"210,117",369,"164,926","2,894,810","56,973 ",North America,5,"2,713",0,,,"161,287"
Yemen,"11,945",,"2,159                                ",,"9,124",,662,23,383,69,"329,592","10,579","31,154,867 ",Asia,"2,608","14,430",95,,,21
Caribbean Netherlands,"11,682",,38                                ,,"10,476",,"1,168",,"438,398","1,426","30,126","1,130,559","26,647 ",North America,2,701,1,,,"43,832"
Sint Maarten,"11,030",,92                                ,,"10,905",,33,N/A,"250,876","2,093","62,056","1,411,454","43,966 ",North America,4,478,1,,,751
Eritrea,"10,189",,103                                ,,"10,086",,0,,"2,782",28,"23,693","6,470","3,662,244 ",Africa,359,"35,556",155,,,
Niger,"9,931",,312                                ,,"8,890",,729,1,381,12,"254,538","9,759","26,083,660 ",Africa,"2,626","83,601",102,,,28
St. Vincent Grenadines,"9,601",,124                                ,,"9,472",,5,,"86,068","1,112","113,886","1,020,932","111,551 ",North America,12,900,1,,,45
Guinea-Bissau,"9,350",,176                                ,,"8,929",,245,6,"4,531",85,"145,231","70,385","2,063,367 ",Africa,221,"11,724",14,,,119
Antigua and Barbuda,"9,106",,146                                ,,"8,954",,6,1,"91,509","1,467","18,901","189,943","99,509 ",North America,11,682,5,,,60
Comoros,"9,089",,161                                ,,"8,885",,43,,"10,016",177,,,"907,419 ",Africa,100,"5,636",,,,47
Liberia,"8,090",,295                                ,,"7,783",,12,2,"1,525",56,"139,824","26,356","5,305,117 ",Africa,656,"17,983",38,,,2
Sierra Leone,"7,762",,126                                ,,N/A,N/A,N/A,,934,15,"259,958","31,296","8,306,436 ",Africa,"1,070","65,924",32,,,330
Chad,"7,695",,194                                ,,"4,874",,"2,627",,442,11,"191,341","10,988","17,413,580 ",Africa,"2,263","89,761",91,,,151
British Virgin Islands,"7,305",,64                                ,,N/A,N/A,N/A,,"238,757","2,092","107,339","3,508,269","30,596 ",North America,4,478,0,,,392
Cook Islands,"7,050",,2                                ,,"7,038",,10,,"401,229",114,"19,690","1,120,596","17,571 ",Australia/Oceania,2,"8,786",1,,,569
Saint Kitts and Nevis,"6,598",,48                                ,,"6,549",,1,,"122,478",891,"126,936","2,356,296","53,871 ",North America,8,"1,122",0,,,19
Turks and Caicos,"6,565",,38                                ,,"6,509",,18,4,"165,195",956,"612,335","15,408,143","39,741 ",North America,6,"1,046",0,,,453
Sao Tome and Principe,"6,500",,79                                ,,"6,358",,63,,"28,549",347,"29,036","127,530","227,679 ",Africa,35,"2,882",8,,,277
Palau,"5,997",,9                                ,,"5,988",,0,,"328,909",494,"69,452","3,809,137","18,233 ",Australia/Oceania,3,"2,026",0,,,
St. Barth,"5,478",,6                                ,,N/A,N/A,N/A,,"550,830",603,"78,646","7,908,095","9,945 ",North America,2,"1,658",0,,,"503,771"
Nauru,"5,393",,1                                ,,"5,347",,45,,"494,635",92,"20,509","1,881,042","10,903 ",Australia/Oceania,2,"10,903",1,,,"4,127"
Kiribati,"5,014",,18                                ,,"2,703",,"2,293",3,"40,626",146,,,"123,419 ",Australia/Oceania,25,"6,857",,,,"18,579"
Anguilla,"3,904",,12                                ,,"3,879",,13,4,"256,336",788,"51,382","3,373,736","15,230 ",North America,4,"1,269",0,,,854
Macao,"3,515",,121                                ,,"3,393",,1,,"5,266",181,"7,850","11,760","667,490 ",Asia,190,"5,516",85,,,1
Saint Pierre Miquelon,"3,452",,2                                ,,"2,449",,"1,001",1,"599,410",347,"25,400","4,410,488","5,759 ",North America,2,"2,880",0,,,"173,815"
Wallis and Futuna,"3,427",,7                                ,,438,,"2,982",,"312,056",637,"20,508","1,867,419","10,982 ",Australia/Oceania,3,"1,569",1,,,"271,535"
Tuvalu,"2,805",, ,,,,"2,805",,"232,471",,,,"12,066 ",Australia/Oceania,4,,,,,"232,471"
MS Zaandam,9,,2                                ,,7,,0,,,,,, ,,,,,,,
Tokelau,5,, ,,,,5,,"3,628",,,,"1,378 ",Australia/Oceania,276,,,,,"3,628"
China,"503,302",,"5,272                                ",,"379,053",,"118,977",N/A,347,4,"160,000,000","110,461","1,448,471,400                                ",Asia,"2,878","274,748",9,,,82
Total:,"125,871,582","+2,425","1,624,439",+18,"121,526,377","+20,717","2,720,766","6,945",,,,,,North America, ,,,,,
Total:,"215,732,392","+10,514","1,542,149",+43,"200,062,671","+7,466","14,127,572","15,510",,,,,,Asia, ,,,,,
Total:,"248,145,835","+15,979","2,032,941",+85,"243,872,164","+43,738","2,240,730","6,397",,,,,,Europe, ,,,,,
Total:,"68,405,286",+625,"1,352,990",,"66,423,582",,"628,714","10,170",,,,,,South America, ,,,,,
Total:,"14,043,828",+226,"26,794",+2,"13,866,531",+0,"150,503",73,,,,,,Australia/Oceania, ,,,,,
Total:,"12,813,904",+54,"258,672",,"12,081,517",,"473,715",548,,,,,,Africa, ,,,,,
Total:,721,,15,,706,,0,0,,,,,,, ,,,,,
Total:,"685,013,548","+29,823","6,838,000",+148,"657,833,548","+72,755","20,342,000","39,643","87,880.9",877.3,,,,All,"
",,,,,
